title,company,location,description,match_score,link
Python Web Developer,Appedology PVT,"Karachi, Pakistan",We Appedology Pvt. Ltd. is looking for a motivated Python Web Developer with up to one year of experience to join our energetic team. This f..,7.076401860172375,https://www.rozee.pk/python-web-developer-karachi-jobs-1653154?utm_source=jobSearch&utm_medium=website&utm_content=jobSearch_1653154&utm_campaign=ROZEE.PK_job_search
Python Web Developer,Appedology PVT,"Karachi, Pakistan",We Appedology Pvt. Ltd. is looking for a motivated Python Web Developer with up to one year of experience to join our energetic team. This f..,7.076401860172375,https://www.rozee.pk/python-web-developer-karachi-jobs-1653154?utm_source=jobSearch&utm_medium=website&utm_content=jobSearch_1653154&utm_campaign=ROZEE.PK_job_search
WordPress / Web Developer - Intern,Digital Perception,"Islamabad, Pakistan","We are offering an exciting on-site opportunity for freshers, students, or recent graduates who are passionate about WordPress development a..",3.1108702421032954,https://www.rozee.pk/digital-perception-wordpress-web-developer-intern-islamabad-jobs-1666838?utm_source=jobSearch&utm_medium=website&utm_content=jobSearch_1666838&utm_campaign=ROZEE.PK_job_search
WordPress / Web Developer - Intern,Digital Perception,"Islamabad, Pakistan","We are offering an exciting on-site opportunity for freshers, students, or recent graduates who are passionate about WordPress development a..",3.1108702421032954,https://www.rozee.pk/digital-perception-wordpress-web-developer-intern-islamabad-jobs-1666838?utm_source=jobSearch&utm_medium=website&utm_content=jobSearch_1666838&utm_campaign=ROZEE.PK_job_search
Web Developer,Cube Technology,Rahimyar Khan,"We are looking for a skilled Web Developer to join our team.Must have experience in HTML, CSS, JavaScript, and backend technologies.",3.0262677102178883,https://www.rozee.pk/cube-technology-web-developer-rahimyar-khan-jobs-1659574?utm_source=jobSearch&utm_medium=website&utm_content=jobSearch_1659574&utm_campaign=ROZEE.PK_job_search
Web Developer,Cube Technology,Rahimyar Khan,"We are looking for a skilled Web Developer to join our team.Must have experience in HTML, CSS, JavaScript, and backend technologies.",3.0262677102178883,https://www.rozee.pk/cube-technology-web-developer-rahimyar-khan-jobs-1659574?utm_source=jobSearch&utm_medium=website&utm_content=jobSearch_1659574&utm_campaign=ROZEE.PK_job_search
Web Developer/ Tech,Hadron Solar,"Multan, Pakistan",A US-based client is looking for a skilled Web Technology professional to join their innovative team. This role suits a passionate web devel..,2.8153086544699373,https://www.rozee.pk/web-developer-tech-multan-jobs-1643404?utm_source=jobSearch&utm_medium=website&utm_content=jobSearch_1643404&utm_campaign=ROZEE.PK_job_search
Web Developer/ Tech,Hadron Solar,"Multan, Pakistan",A US-based client is looking for a skilled Web Technology professional to join their innovative team. This role suits a passionate web devel..,2.8153086544699373,https://www.rozee.pk/web-developer-tech-multan-jobs-1643404?utm_source=jobSearch&utm_medium=website&utm_content=jobSearch_1643404&utm_campaign=ROZEE.PK_job_search
Web Developer,Ray Fitout Interior Decoration LLC,All Cities,We’re seeking a skilled Webflow Developer (with 3D animation/interaction expertise) and experience to create a custom website with advanced ..,2.4148074474817047,https://www.rozee.pk/ray-fitout-interior-decoration-llc-web-developer-jobs-1642462?utm_source=jobSearch&utm_medium=website&utm_content=jobSearch_1642462&utm_campaign=ROZEE.PK_job_search
Web Developer,Ray Fitout Interior Decoration LLC,All Cities,We’re seeking a skilled Webflow Developer (with 3D animation/interaction expertise) and experience to create a custom website with advanced ..,2.4148074474817047,https://www.rozee.pk/ray-fitout-interior-decoration-llc-web-developer-jobs-1642462?utm_source=jobSearch&utm_medium=website&utm_content=jobSearch_1642462&utm_campaign=ROZEE.PK_job_search
Web Developer,Codeto Kloud,"Lahore, Pakistan",We are looking for the services of Web Developer Experience: 2–4 years Strong in both frontend/backend – modern tech stack preferredLocation..,2.1679609677392646,https://www.rozee.pk/codeto-kloud-web-developer-lahore-jobs-1652504?utm_source=jobSearch&utm_medium=website&utm_content=jobSearch_1652504&utm_campaign=ROZEE.PK_job_search
Web Developer,Codeto Kloud,"Lahore, Pakistan",We are looking for the services of Web Developer Experience: 2–4 years Strong in both frontend/backend – modern tech stack preferredLocation..,2.1679609677392646,https://www.rozee.pk/codeto-kloud-web-developer-lahore-jobs-1652504?utm_source=jobSearch&utm_medium=website&utm_content=jobSearch_1652504&utm_campaign=ROZEE.PK_job_search
Web Developer,BrilZen,"Lahore, Pakistan","BRILZEN, a rapidly growing and innovative startup based in Lahore, is looking for a skilled Web Developer to join their on-site team at Gulb..",1.9185425956026034,https://www.rozee.pk/web-developer-lahore-jobs-1645012?utm_source=jobSearch&utm_medium=website&utm_content=jobSearch_1645012&utm_campaign=ROZEE.PK_job_search
Web Developer,BrilZen,"Lahore, Pakistan","BRILZEN, a rapidly growing and innovative startup based in Lahore, is looking for a skilled Web Developer to join their on-site team at Gulb..",1.9185425956026034,https://www.rozee.pk/web-developer-lahore-jobs-1645012?utm_source=jobSearch&utm_medium=website&utm_content=jobSearch_1645012&utm_campaign=ROZEE.PK_job_search
Laravel Web Developer,AWK Technologies Pvt,Islamabad,"We are seeking a skilled Laravel Developer to join our team in Islamabad. The successful candidate will be responsible for designing, develo..",1.860466080409931,https://www.rozee.pk/laravel-web-developer-islamabad-jobs-1653664?utm_source=jobSearch&utm_medium=website&utm_content=jobSearch_1653664&utm_campaign=ROZEE.PK_job_search
Laravel Web Developer,AWK Technologies Pvt,Islamabad,"We are seeking a skilled Laravel Developer to join our team in Islamabad. The successful candidate will be responsible for designing, develo..",1.860466080409931,https://www.rozee.pk/laravel-web-developer-islamabad-jobs-1653664?utm_source=jobSearch&utm_medium=website&utm_content=jobSearch_1653664&utm_campaign=ROZEE.PK_job_search
Web Developer,Infinitum Media PVT,"Karachi, Pakistan","Infinitum Media™, a full-stack sales and support solutions company based in Spokane, Washington, is looking for a skilled Web Developer to j..",1.8072634006536168,https://www.rozee.pk/web-developer-karachi-jobs-1653750?utm_source=jobSearch&utm_medium=website&utm_content=jobSearch_1653750&utm_campaign=ROZEE.PK_job_search
Web Developer,Infinitum Media PVT,"Karachi, Pakistan","Infinitum Media™, a full-stack sales and support solutions company based in Spokane, Washington, is looking for a skilled Web Developer to j..",1.8072634006536168,https://www.rozee.pk/web-developer-karachi-jobs-1653750?utm_source=jobSearch&utm_medium=website&utm_content=jobSearch_1653750&utm_campaign=ROZEE.PK_job_search
Junior Web Developer,DynamoLogic Solutions,All Cities,DynamoLogic Solutions is looking for a motivated Junior Web Developer with around two years of experience to join our collaborative and fast..,1.323303731600943,https://www.rozee.pk/junior-web-developer-jobs-1659790?utm_source=jobSearch&utm_medium=website&utm_content=jobSearch_1659790&utm_campaign=ROZEE.PK_job_search
Junior Web Developer,DynamoLogic Solutions,All Cities,DynamoLogic Solutions is looking for a motivated Junior Web Developer with around two years of experience to join our collaborative and fast..,1.323303731600943,https://www.rozee.pk/junior-web-developer-jobs-1659790?utm_source=jobSearch&utm_medium=website&utm_content=jobSearch_1659790&utm_campaign=ROZEE.PK_job_search
Web / Mobile Developer,Wonder Craftz,"Lahore, Pakistan",We are looking for a talented and passionate Web & Mobile Developer with strong experience in React & NEXT.Js to join our dynamic team. You ..,1.2039150832064485,https://www.rozee.pk/wonder-craftz-web-mobile-developer-lahore-jobs-1662158?utm_source=jobSearch&utm_medium=website&utm_content=jobSearch_1662158&utm_campaign=ROZEE.PK_job_search
Web / Mobile Developer,Wonder Craftz,"Lahore, Pakistan",We are looking for a talented and passionate Web & Mobile Developer with strong experience in React & NEXT.Js to join our dynamic team. You ..,1.2039150832064485,https://www.rozee.pk/wonder-craftz-web-mobile-developer-lahore-jobs-1662158?utm_source=jobSearch&utm_medium=website&utm_content=jobSearch_1662158&utm_campaign=ROZEE.PK_job_search
Senior Web Developer - WordPress,Sun Skill Tech,"Rawalpindi, Pakistan","Hiring a Senior Web Developer with strong WordPress and full-stack experience. We’re seeking someone who can lead development, write clean c..",1.0845355746501248,https://www.rozee.pk/sun-skill-tech-senior-web-developer-wordpress-rawalpindi-jobs-1659668?utm_source=jobSearch&utm_medium=website&utm_content=jobSearch_1659668&utm_campaign=ROZEE.PK_job_search
Senior Web Developer - WordPress,Sun Skill Tech,"Rawalpindi, Pakistan","Hiring a Senior Web Developer with strong WordPress and full-stack experience. We’re seeking someone who can lead development, write clean c..",1.0845355746501248,https://www.rozee.pk/sun-skill-tech-senior-web-developer-wordpress-rawalpindi-jobs-1659668?utm_source=jobSearch&utm_medium=website&utm_content=jobSearch_1659668&utm_campaign=ROZEE.PK_job_search
Web Developer,Barani institute of Management SciencesGSS EnsemblePvtLtd,All Cities,"We are looking for a talented web developer with a solid background in Laravel, WordPress, PHP, and the latest web development and database ..",1.0063859818237912,https://www.rozee.pk/web-developer-jobs-1649026?utm_source=jobSearch&utm_medium=website&utm_content=jobSearch_1649026&utm_campaign=ROZEE.PK_job_search
Web Developer,Barani institute of Management SciencesGSS EnsemblePvtLtd,All Cities,"We are looking for a talented web developer with a solid background in Laravel, WordPress, PHP, and the latest web development and database ..",1.0063859818237912,https://www.rozee.pk/web-developer-jobs-1649026?utm_source=jobSearch&utm_medium=website&utm_content=jobSearch_1649026&utm_campaign=ROZEE.PK_job_search
Web Developer,Ayrasol Services,"Sialkot, Pakistan",This is a full-time on-site role for a Web Developer at Ayrasol Services located in Sialkot. The Web Developer will be responsible for back-..,0.0,https://www.rozee.pk/ayrasol-services-web-developer-sialkot-jobs-1662900?utm_source=jobSearch&utm_medium=website&utm_content=jobSearch_1662900&utm_campaign=ROZEE.PK_job_search
Web Developer,EVER IT,"Greater London, United Kingdom",We are looking for the services of Web developer for IT companyRelevant candidates are encouraged to apply.,0.0,https://www.rozee.pk/ever-it-web-developer-greater-london-jobs-1655702?utm_source=jobSearch&utm_medium=website&utm_content=jobSearch_1655702&utm_campaign=ROZEE.PK_job_search
Web Developer,ISB Tech Pvt Ltd,"Islamabad, Pakistan","Website Development:Design, develop, and maintain responsive and scalable websites.Ensure cross-browser and device compatibility for seamles..",0.0,https://www.rozee.pk/isb-tech-web-developer-islamabad-jobs-1644450?utm_source=jobSearch&utm_medium=website&utm_content=jobSearch_1644450&utm_campaign=ROZEE.PK_job_search
Web Developer,Custom Software Pvt Limited,,"We’re Hiring Multiple Roles – UK-Based IT Firm in Lahore! Location: Block F, Model Town, Lahore Working Hours: Mon–Fri, 9:00 AM – 5:00 PM (U..",0.0,https://www.rozee.pk/web-developer-lahore-jobs-1653912?utm_source=jobSearch&utm_medium=website&utm_content=jobSearch_1653912&utm_campaign=ROZEE.PK_job_search
Web Developer,Total Shape,"Islamabad, Pakistan","We’re offering a competitive salary of $9,500 to $11,500 monthly for our next Web Developer!We're looking for someone with the talent and e..",0.0,https://www.rozee.pk/total-shape-web-developer-islamabad-jobs-1653972?utm_source=jobSearch&utm_medium=website&utm_content=jobSearch_1653972&utm_campaign=ROZEE.PK_job_search
Web Developer,DikhaDe Digital Marketing Agency,,"We are a rapidly expanding digital marketing agency based in Gujranwala, dedicated to helping brands enhance their online presence through e..",0.0,https://www.rozee.pk/web-developer-gujranwala-jobs-1650884?utm_source=jobSearch&utm_medium=website&utm_content=jobSearch_1650884&utm_campaign=ROZEE.PK_job_search
WordPress Website Developer,AretiasStudio,N/A,,0.0,https://www.rozee.pk/aretiasstudio-wordpress-website-developer-jobs-1652474?utm_source=jobSearch&utm_medium=website&utm_content=jobSearch_1652474&utm_campaign=ROZEE.PK_job_search
Web Developer,Trickle Up,"Multan, Pakistan",Trickle Up is looking for a talented Web Developer to join our team and support our mission of empowering underserved communities. In this r..,0.0,https://www.rozee.pk/web-developer-multan-jobs-1648712?utm_source=jobSearch&utm_medium=website&utm_content=jobSearch_1648712&utm_campaign=ROZEE.PK_job_search
PHP CodeIgniter Developer,Mello Pixel Studios LLC,N/A,,0.0,https://www.rozee.pk/mello-pixel-studios-llc-php-codeigniter-developer-jobs-1648010?utm_source=jobSearch&utm_medium=website&utm_content=jobSearch_1648010&utm_campaign=ROZEE.PK_job_search
Web Developer,Ayrasol Services,"Sialkot, Pakistan",This is a full-time on-site role for a Web Developer at Ayrasol Services located in Sialkot. The Web Developer will be responsible for back-..,0.0,https://www.rozee.pk/ayrasol-services-web-developer-sialkot-jobs-1662900?utm_source=jobSearch&utm_medium=website&utm_content=jobSearch_1662900&utm_campaign=ROZEE.PK_job_search
Web Developer,Total Shape,"Islamabad, Pakistan","We’re offering a competitive salary of $9,500 to $11,500 monthly for our next Web Developer!We're looking for someone with the talent and e..",0.0,https://www.rozee.pk/total-shape-web-developer-islamabad-jobs-1653972?utm_source=jobSearch&utm_medium=website&utm_content=jobSearch_1653972&utm_campaign=ROZEE.PK_job_search
Web Developer,EVER IT,"Greater London, United Kingdom",We are looking for the services of Web developer for IT companyRelevant candidates are encouraged to apply.,0.0,https://www.rozee.pk/ever-it-web-developer-greater-london-jobs-1655702?utm_source=jobSearch&utm_medium=website&utm_content=jobSearch_1655702&utm_campaign=ROZEE.PK_job_search
Web Developer,DikhaDe Digital Marketing Agency,,"We are a rapidly expanding digital marketing agency based in Gujranwala, dedicated to helping brands enhance their online presence through e..",0.0,https://www.rozee.pk/web-developer-gujranwala-jobs-1650884?utm_source=jobSearch&utm_medium=website&utm_content=jobSearch_1650884&utm_campaign=ROZEE.PK_job_search
Web Developer,Custom Software Pvt Limited,,"We’re Hiring Multiple Roles – UK-Based IT Firm in Lahore! Location: Block F, Model Town, Lahore Working Hours: Mon–Fri, 9:00 AM – 5:00 PM (U..",0.0,https://www.rozee.pk/web-developer-lahore-jobs-1653912?utm_source=jobSearch&utm_medium=website&utm_content=jobSearch_1653912&utm_campaign=ROZEE.PK_job_search
Web Developer,ISB Tech Pvt Ltd,"Islamabad, Pakistan","Website Development:Design, develop, and maintain responsive and scalable websites.Ensure cross-browser and device compatibility for seamles..",0.0,https://www.rozee.pk/isb-tech-web-developer-islamabad-jobs-1644450?utm_source=jobSearch&utm_medium=website&utm_content=jobSearch_1644450&utm_campaign=ROZEE.PK_job_search
Web Developer,Trickle Up,"Multan, Pakistan",Trickle Up is looking for a talented Web Developer to join our team and support our mission of empowering underserved communities. In this r..,0.0,https://www.rozee.pk/web-developer-multan-jobs-1648712?utm_source=jobSearch&utm_medium=website&utm_content=jobSearch_1648712&utm_campaign=ROZEE.PK_job_search
WordPress Website Developer,AretiasStudio,N/A,,0.0,https://www.rozee.pk/aretiasstudio-wordpress-website-developer-jobs-1652474?utm_source=jobSearch&utm_medium=website&utm_content=jobSearch_1652474&utm_campaign=ROZEE.PK_job_search
PHP CodeIgniter Developer,Mello Pixel Studios LLC,N/A,,0.0,https://www.rozee.pk/mello-pixel-studios-llc-php-codeigniter-developer-jobs-1648010?utm_source=jobSearch&utm_medium=website&utm_content=jobSearch_1648010&utm_campaign=ROZEE.PK_job_search
